image	           A	        B	        C	        D	        E	        F	        K	        L	         M         	N	          O	         P
021002_004.png	0.156547099	0.152640924	0.123938441	0.169220001	0.123279475	0.168459669	0.121310763	0.149175107	0.167577222	0.155449122	0.162551343	0.149946421
021003_004.png	0.183360249	0.192505553	0.139577344	0.180595815	0.14163065	0.177391931	0.136072993	0.172550187	0.183907434	0.187053353	0.191796109	0.166486204
021011_004.png	0.19577992	0.205813557	0.163017064	0.194297522	0.154910356	0.195671558	0.152019367	0.19207862	0.20289132	0.183925793	0.190715984	0.175159857
